sex or gender,P21
place of birth,P19
country of citizenship,P27
instance of,P31
place of death,P20
image,P18
place of burial,P119
occupation,P106
Commons category,P373
date of birth,P569
field of work,P101
family name,P734
given name,P735
Find A Grave memorial ID,P535
date of death,P570
WikiTree person ID,P2949
Internet Broadway Database person ID,P1220
U.S. National Archives Identifier,P1225
Internet Speculative Fiction Database author ID,P1233
NNDB people ID,P1263
Encyclopædia Britannica Online ID,P1417
AlloCiné person ID,P1266
FAST ID,P2163
Swedish Film Database person ID,P2168
Elonet person ID,P2387
PORT person ID,P2435
Scope.dk person ID,P2519
Geni.com profile ID,P2600
birth name,P1477
genre,P136
work period (end),P2032
ethnic group,P172
award received,P166
AllMusic artist ID,P1728
Discogs artist ID,P1953
instrument,P1303
described by source,P1343
ISNI,P213
Kinopoisk person ID,P2604
ČSFD person ID,P2605
iTunes artist ID (American version),P2850
Last.fm ID,P3192
NE.se ID,P3222
number of children,P1971
Myspace ID,P3265
SNAC Ark ID,P3430
Comic Vine ID,P5905
Allcinema person ID,P7214
WorldCat Identities ID,P7859
AllMovie person ID,P2019
work period (start),P2031
NKCR AUT ID,P691
Library of Congress authority ID,P244
nominated for,P1411
VIAF ID,P214
GND ID,P227
Bibliothèque nationale de France ID,P268
Carnegie Hall agent ID,P4104
Internet Off-Broadway Database creditable entity ID,P4456
Filmweb.pl person ID,P5033
ILI ID,P5063
Open Media Database person ID,P5534
Television Academy Foundation interviewee ID,P5773
languages spoken, written or signed,P1412
official website,P856
IdRef ID,P269
conflict,P607
topic's main category,P910
IMDb ID,P345
Freebase ID,P646
Commons gallery,P935
MusicBrainz artist ID,P434
cause of death,P509
Nationale Thesaurus voor Auteurs ID,P1006
Biblioteca Nacional de España ID,P950
position held,P39
educated at,P69
work location,P937
US Congress Bio ID,P1157
name in native language,P1559
political party,P102
C-SPAN person ID,P2190
manner of death,P1196
openMLOL author ID,P3762
residence,P551
spouse,P26
PolitiFact people and groups ID,P2267
TV.com ID,P2638
Facebook ID,P2013
Twitter username,P2002
Muck Rack journalist ID,P6005
sibling,P3373
KBpedia ID,P8408
Baseball Almanac ID,P4409
Canadian Baseball Hall of Fame inductee ID,P4462
South Dakota Sports Hall of Fame ID,P4605
The Baseball Cube player ID,P4731
American National Biography ID,P4823
Retrosheet person ID,P6976
member of sports team,P54
National Diet Library ID,P349
sport,P641
position played on team / speciality,P413
medical condition,P1050
country for sport,P1532
Baseball-Reference.com major league player ID,P1825
Baseball-Reference.com minor & foreign league player ID,P1826
MLB.com player ID,P3541
ESPN.com MLB player ID,P3571
FanGraphs player ID,P3574
National Baseball Hall of Fame and Museum ID,P4164
SABR person ID,P2482
LittleSis people ID,P3388
Trading Card Database person ID,P5421
participant in,P1344
California Sports Hall of Fame athlete ID,P4507
Instagram username,P2003
mass,P2067
Rugby League Project player ID,P4464
child,P40
CageMatch worker ID,P2728
Online World of Wrestling ID,P2830
WWE.com superstar ID,P2857
military branch,P241
Quora topic ID,P3417
commemorative plaque image,P1801
BNB person ID,P5361
employer,P108
Open Library ID,P648
NUKAT ID,P1207
GTAA ID,P1741
Libraries Australia ID,P409
CONOR ID,P1280
SELIBR ID,P906
SHARE Catalogue author ID,P3987
National Library of Korea ID,P5034
Libris-URI,P5587
writing language,P6886
Europeana entity,P7704
Deutsche Biographie ID,P7902
family,P53
height,P2048
CoBiS author ID,P7865
VcBA ID,P8034
Frankfurter Personenlexikon ID,P8044
GeneaStar person ID,P8094
Sejm-Wielki.pl profile ID,P8172
Canadiana NCF ID,P8179
National Library of Israel J9U ID,P8189
ASUT ID,P8219
LiederNet author ID,P8234
BHF author ID,P8547
TracesOfWar person ID,P8578
mother,P25
Filmportal ID,P2639
BVMC person ID,P2799
CiNii author ID (books),P271
FamilySearch person ID,P2889
Great Russian Encyclopedia Online ID,P2924
father,P22
ISzDb person ID,P3114
Runeberg author ID,P3154
Goodreads author ID,P2963
UK National Archives ID,P3029
Kindred Britain ID,P3051
RERO ID,P3065
archives at,P485
member of,P463
military rank,P410
BAnQ author ID,P3280
KINENOTE person ID,P3305
Kvikmyndir person ID,P3341
National Library of Greece ID,P3348
Nobel Prize People Nomination ID,P3360
Ciné-Ressources person ID,P3204
Encyclopædia Universalis ID,P3219
New York Times topic ID,P3221
unmarried partner,P451
BiblioNet author ID,P2188
Encyclopædia Britannica contributor ID,P2450
commander of (DEPRECATED),P598
handedness,P552
coat of arms image,P94
candidacy in election,P3602
native language,P103
RKDartists ID,P650
signature,P109
Artnet artist ID,P3782
DBC author ID,P3846
Cinema.de ID,P3933
significant event,P793
killed by,P157
religion,P140
Pontificia Università della Santa Croce ID,P5739
Larousse ID,P6058
ELNET ID,P6394
Treccani's Dizionario di Storia ID,P6404
DIZIE ID,P6414
BIBSYS ID,P1015
Store norske leksikon ID,P4342
gravsted.dk ID,P4359
BFI Films, TV and people ID,P4438
Prisma ID,P4515
National Library of Brazil ID,P4619
Giant Bomb ID,P5247
FilmTv.it person ID,P5254
Douban movie celebrity ID,P5284
Online Books Page author ID,P4629
The Peerage person ID,P4638
CineMagia person ID,P4666
MYmovies actor ID,P4779
Movieplayer person ID,P4782
TMDb person ID,P4985
Brockhaus Enzyklopädie online ID,P5019
WeRelate person ID,P4159
PM20 folder ID,P4293
BFI Filmography person ID,P4326
Deutsche Synchronkartei actor ID,P4332
Lebanese National Library ID,P7026
National Library of Russia ID,P7029
National Library of Iceland ID,P7039
PLWABN ID,P7293
MUBI person ID,P7300
Aozora Bunko author ID,P7311
Perlentaucher ID,P866
Dharma Drum Buddhist College person ID,P1187
Union List of Artist Names ID,P245
American Film Institute person ID,P5340
Angelicum ID,P5731
Portuguese National Library ID,P1005
BHCL ID,P6656
TV Tropes identifier,P6839
abART person ID,P6844
English Vikidia ID,P7829
Gran Enciclopèdia Catalana ID,P1296
EGAXA ID,P1309
LNB ID,P1368
National Library of Chile ID,P7369
LibraryThing author ID,P7400
National Library of Lithuania ID,P7699
French Vikidia ID,P7818
Italian Vikidia ID,P7822
Spanish Vikidia ID,P7827
NLA Trove ID,P1315
CANTIC ID,P1273
Munzinger person ID,P1284
owner of,P1830
National Portrait Gallery (London) person ID,P1816
genealogics.org person ID,P1819
University of Barcelona authority ID,P1580
British Museum person or institution ID,P1711
blood type,P1853
LibriVox author ID,P1899
Les Archives du Spectacle Person ID,P1977
Metacritic ID,P1712
short name,P1813
Project Gutenberg author ID,P1938
OpenPlaques subject ID,P1430
Rotten Tomatoes ID,P1258
image of grave,P1442
nickname,P1449
Commons Creator page,P1472
The Encyclopedia of Science Fiction ID,P5357
different from,P1889
National Library of Israel ID,P949
Jewish Encyclopedia ID (Russian),P1438
YouTube video ID,P1651
exact match,P2888
Nobel prize ID,P3188
Treccani ID,P3365
Treccani's Enciclopedia Italiana ID,P4223
Nobel Laureate API ID,P8024
De Agostini ID,P6706
Babelio author ID,P3630
NYRB contributor ID,P5419
US Federal Election Commission ID,P1839
Ballotpedia ID,P2390
YouTube channel ID,P2397
OpenSecrets people ID,P2686
Google+ ID,P2847
Vote Smart ID,P3344
notable work,P800
Oxford Dictionary of National Biography ID,P1415
Art UK artist ID,P1367
Musée d'Orsay artist ID,P2268
Tate artist ID,P2741
Benezit ID,P2843
movement,P135
Le Delarge ID,P1988
MSBI person ID,P2914
Te Papa agent ID,P3544
MutualArt artist ID,P6578
copyright status as a creator,P7763
Royal Academy new identifier,P4808
Invaluable.com person ID,P4927
Dictionary of Scottish Architects ID,P5308
artist-info artist ID,P5489
Artcyclopedia artist ID,P5597
has works in the collection,P6379
Art Renewal Center artist ID,P3791
Bridgeman artist ID,P3965
YCBA agent ID,P4169
Christie's creator ID,P4200
RA Collections ID,P4553
Frick Art Reference Library Artist File ID,P7848
Olympedia athlete ID,P8286
Grove Art Online ID,P8406
convicted of,P1399
defender,P1593
on focus list of Wikimedia project,P5008
FemBio ID,P6722
BlackPast.org ID,P6723
ArtBrokerage artist ID,P6903
depicted by,P1299
Handbook of Texas ID,P6015
Unz Review author ID,P2734
Internet Book Database of Fiction writer ID,P5365
Fantastic Fiction author ID,P5408
Bibliopoche author ID,P5695
Hoopla artist ID,P6868
Fandango performer ID,P8125
The Numbers person ID,P4657
Amazon author ID,P4862
New Georgia Encyclopedia ID,P4903
Wolfram Language entity code,P4839
Google News topics ID,P5337
BabelNet ID,P2581
TCM Movie Database person ID,P3056
Danish National Filmography person ID,P2626
Genius artist numeric ID,P6351
related category,P7084
AMPAS collections person ID,P7119
Writers Guild of America writer ID,P7286
MovieMeter director ID,P1969
Disney A to Z ID,P6181
Box Office Mojo person ID,P2688
Genius artist ID,P2373
Songkick artist ID,P3478
Billboard artist ID,P4208
Letterboxd actor ID,P6119
competition class,P2094
Basketball-Reference.com NBA player ID,P2685
Eurobasket.com player ID,P3527
FIBA player ID,P3542
Naismith Memorial Basketball Hall of Fame ID,P3646
league,P118
NBA.com player ID,P3647
ESPN.com NBA player ID,P3685
Sports-Reference.com college basketball player ID,P3696
RealGM basketball player ID,P3957
Proballers ID,P8548
Sports-Reference.com Olympic athlete ID,P1447
described at URL,P973
spoken text audio,P989
National Library of Romania ID,P1003
cinematografo.it name or company ID,P4768
ADK member ID,P4114
Muziekweb performer ID,P5882
NicoNicoPedia ID,P6900
Flemish Public Libraries ID,P7024
SBN author ID,P396
RISM ID,P5504
Google Doodle,P4431
DAHR artist ID,P4457
Isidore scholar ID,P4491
list of works,P1455
NSK ID,P1375
TheatreOnline ID,P6403
Klexikon article ID,P6573
ex-libris,P8195
filmography,P1283
Basque Vikidia ID,P7832
Canadiana Authorities ID,P1670
HDS ID,P902
CCAB ID,P1890
Spotify artist ID,P1902
NLP ID (unique),P1695
National Discography of Italian Song artist/group ID,P2510
IPI name number,P1828
Museum of Modern Art artist ID,P2174
Catholic Hierarchy person ID,P1047
consecrator,P1598
affiliation,P1416
Pro-Football-Reference.com player ID,P3561
part of,P361
Scopus author ID,P1153
time period,P2348
César Award person ID,P5319
National Medal of Arts winner ID,P5719
Academy Awards Database nominee ID,P6150
IDU person ID,P8385
record label,P264
All About Jazz musician ID,P5121
Guardian topic ID,P3106
Zhihu topic ID,P3553
WhoSampled artist ID,P6517
preferred pronoun,P6553
Alexander Turnbull Library ID,P6683
Roglo person ID,P7929
RationalWiki ID,P7775
BNMM authority ID,P3788
TV Guide person ID,P3845
allegiance,P945
present in work,P1441
represented by,P1875
CTHS person ID,P2383
represents,P1268
lifestyle,P1576
Leopoldina member ID,P3413
Reddit username,P4265
Collective Biographies of Women ID,P4539
Who's Who UK ID,P4789
ResearchGate contributions ID,P6023
Enciclopedia delle donne ID,P6488
DUC ID,P7578
academic degree,P512
influenced by,P737
doctoral advisor,P184
audio recording of the subject's spoken voice,P990
student of,P1066
zbMATH author ID,P1556
TED speaker ID,P2611
Academic Tree ID,P2381
Emmys person ID,P8381
World Golf Hall of Fame player ID,P4461
Vatican Library ID,P1017
BBC Things ID,P1617
hair color,P1884
video,P10
Google Scholar author ID,P1960
interested in,P2650
Dimensions author ID,P6178
Microsoft Academic ID,P6366
ScienceOpen author ID,P7709
National Academy of Sciences member ID,P5380
RANM member ID,P3945
Semantic Scholar author ID,P4012
ORCID iD,P496
Oireachtas member ID,P4690
Dictionary of Irish Biography ID,P6829
Rush Parliamentary Archive ID,P4471
Hansard (1803–2005) ID,P2015
Women's Basketball Hall of Fame ID,P4410
Iowa Sports Hall of Fame ID,P4631
voice type,P412
Montreux Jazz Festival person ID,P8301
Slovak National Library ID,P7700
RIA Novosti reference,P6081
Hrvatska enciklopedija ID,P7982
LiederNet composer ID,P8235
Persée author ID,P2732
Mathematics Genealogy Project ID,P549
Parlement & Politiek ID,P1749
Dagens Nyheter topic ID,P3509
UK Parliament thesaurus ID,P4527
relative,P1038
net worth,P2218
Soccerbase player ID,P2193
HKCAN ID,P5909
Sina Weibo user ID,P3579
DACS ID,P4663
WikiArt ID,P6002
copyright representative,P6275
Artsy artist ID,P2042
Kritisches Lexikon zur fremdsprachigen Gegenwartsliteratur ID,P1289
generational suffix,P8017
PACE member ID,P1331
Dictionary of Sydney ID,P3794
catalog code,P528
pronunciation audio,P443
IPA transcription,P898
Flanders Arts Institute person ID,P5068
BIU Santé person ID,P5375
ArhivX LOD,P5821
Adelphi author ID,P5859
Projekt Gutenberg-DE ID,P7753
BeWeb person ID,P7796
Gran Enciclopèdia de la Música ID,P6412
Archivio Storico Ricordi person ID,P8290
Archive Site Trinity College Cambridge ID,P8496
Digitale Bibliotheek voor de Nederlandse Letteren author ID,P723
CERL Thesaurus ID,P1871
Vegetti Catalog of Fantastic Literature NILF ID,P2191
WomenWriters ID,P2533
Cultureel Woordenboek ID,P3569
AKL Online artist ID,P4432
BMLO ID,P865
honorific suffix,P1035
Library of Parliament of Canada person ID,P6616
Encyclopedia of the Great Plains ID,P7686
Webb-site person ID,P5298
official name,P1448
The First Amendment Encyclopedia ID,P7952
Cambridge Alumni Database ID,P1599
Six Degrees of Francis Bacon ID,P2401
LBT person ID,P2977
Clergy of the Church of England database ID,P3410
Hungarian National Namespace person ID,P6988
PIM authority ID,P3973
Hungarian National Assembly identifier,P4966
Guggenheim fellows ID,P6594
ADAGP artist ID,P3901
said to be the same as,P460
National Humanities Medal winner ID,P5657
College Football Data Warehouse ID,P3560
Munzinger Pop ID,P1286
Rock's Backpages artist ID,P6461
Nederlandse Top 40 artist ID,P6926
author citation (zoology),P835
ZooBank author ID,P2006
ResearchGate profile ID,P2038
Encyclopedia of Australian Science ID,P4228
name in kana,P1814
US Bureau of Prisons Inmate Register Number,P8007
EMLO person ID,P1802
National Library of Wales Authority ID,P2966
Watercolour World artist ID,P6735
Gazetteer for Scotland person ID,P7349
Science Museum people ID,P4389
Virtual Laboratory person ID,P5516
Biographical Directory of Federal Judges ID,P2736
Theatricalia person ID,P2469
Poets.org poet ID,P5343
The Paris Review interviewee ID,P5414
CALS Encyclopedia of Arkansas ID,P7685
Hymnary author ID,P6300
Nelson-Atkins Museum of Art person ID,P5273
Poetry Foundation ID,P5341
Dictionary of Welsh Biography ID,P1648
Treccani's Dizionario di Filosofia ID,P7993
McClintock and Strong Biblical Cyclopedia ID,P8636
Electronic Enlightenment ID,P3429
Open Library subject ID,P3847
archINFORM person or group ID,P5508
political ideology,P1142
Uppsala University Alvin ID,P6821
The Washington Post contributor ID,P7943
has written for,P6872
KMDb person ID,P1649
Cooper-Hewitt Person ID,P2011
HKMDB person ID,P3346
elCinema person ID,P3136
EDb person ID,P3142
elFilm person ID,P3144
Wall Street Journal topic ID,P3183
Unifrance person ID,P3980
Decine21 person ID,P7803
Canal-U person ID,P5243
SSRN author ID,P3747
Polish scientist ID,P3124
audio,P51
has list,P2354
Internetowy Polski Słownik Biograficzny ID,P8130
PhilPapers author ID,P3232
LRB contributor ID,P5502
RSL author ID,P5643
Dialnet author ID,P1607
AE member ID,P5463
Who's Who in France biography ID,P4124
RSL ID (person),P947
NCL ID,P1048
astronaut mission,P450
ancestral home,P66
NASA biographical ID,P2030
National Gallery of Victoria artist ID,P2041
wears,P3828
Photographers' Identities Catalog ID,P2750
member of the crew of,P5096
Saint Louis Art Museum person ID,P5271
time in space,P2873
National Aviation Hall of Fame ID,P7898
Fandom article ID,P6262
SVT Open archive,P6817
FAI ID,P4556
Swedish Anbytarforum,P6303
amateur radio callsign,P5143
catchphrase,P6251
Bashkir encyclopedia (Bashkir version) ID,P4210
Bashkir encyclopedia (Russian version) ID,P4211
Latvian National Encyclopedia Online ID,P6870
COURAGE ID,P7037
Rodovid ID,P1185
floruit,P1317
Russian Premier League player ID,P4417
Sportbox.ru ID,P4421
sport number,P1618
WorldFootball.net player ID,P2020
UEFA player ID,P2276
Soccerway player ID,P2369
Transfermarkt player ID,P2446
Scoresway soccer person ID,P3043
EU-Football.info player ID,P3726
religious order,P611
Plarr ID,P2944
Austrian Parliament ID,P2280
Archives Directory for the History of Collecting in America ID,P7128
Kansaspedia ID,P7687
International Olympic Committee athlete ID,P3171
Radio Radicale person ID,P4521
Songfacts artist ID,P5287
member of military unit,P7779
Krugosvet article,P6385
DR topic ID,P6849
NLC authorities,P1213
eye color,P1340
Internet Archive ID,P724
topic's main template,P1424
pseudonym,P742
DMOZ ID,P998
Ishim ID,P3906
honorific prefix,P511
FMD photographer ID,P2485
Luminous-Lint ID,P4759
official blog,P1581
FIFA player ID,P1469
National-Football-Teams.com player ID,P2574
CUP2002.RU person ID,P7112
Kooora/Goalzz player ID,P8021
AS.com athlete ID,P3427
FootballDatabase.eu player ID,P3537
L'Équipe football player ID,P3665
Minneapolis Institute of Art constituent ID,P3603
AGORHA person/institution ID,P2342
Structurae person ID,P2418
ARTIC artist ID,P6295
EUTA person ID,P4534
SAH Archipedia architect ID,P8439
student,P802
discography,P358
Rolling Stone artist ID,P3017
MOOMA artist ID,P3733
Acharts.co artist ID,P7109
Grammy Awards artist ID,P7303
RollDaBeats artist ID,P5240
Musicalics composer ID,P6925
married name,P2562
MEP directory ID,P1186
Encyklopedia Solidarności ID,P8095
Florida Sports Hall of Fame athlete ID,P4347
NCpedia ID,P6284
uses,P2283
Google Play Music artist ID,P4198
Deezer artist ID,P2722
Yle topic ID,P8309
TuneIn artist ID,P7192
Songwriters Hall of Fame ID,P4757
drafted by,P647
MobyGames developer ID,P3913
Musixmatch artist ID,P6874
Taratata artist ID,P5291
logo image,P154
Journalisted ID,P1714
parliament.uk biography pages,P1996
PublicWhip ID,P2169
Hansard (2006–March 2016) ID,P2170
TheyWorkForYou ID,P2171
Parliamentary record identifier,P2172
BBC News Democracy Live ID,P2173
UK Parliament identifier,P6213
Democracy Club candidate ID,P6465
Iconclass notation,P1256
startrek.com Database ID,P7512
New Mexico Sports Hall of Fame ID,P4374
racing-reference.info driver ID,P3048
Ricorso author ID,P4928
Literature Ireland ID,P5542
Northern Ireland Assembly ID,P5870
LOA ID,P5618
Biografisch Portaal van Nederland ID,P651
Harvard Index of Botanists ID,P6264
Find NZ Artists ID,P6792
Bionomia ID,P6944
botanist author abbreviation,P428
IPNI author ID,P586
Stuttgart Database of Scientific Illustrators ID,P2349
Dictionary of New Zealand Biography ID,P2745
FantLab author ID,P7433
Jeugdliteratuur ID,P7504
NooSFere author ID,P5570
number of matches played/races/starts,P1350
Transfermarkt manager ID,P2447
coach of sports team,P6087
total goals in career,P6509
Soccerbase manager ID,P2195
ComiXology creator ID,P5951
DC Comics talent ID,P7951
MLS player ID,P2398
Turkish Football Federation player ID,P2448
ForaDeJogo player ID,P3046
PlaymakerStats.com player ID,P3047
USL Championship player ID,P4019
Models.com person ID,P2471
Kino-teatr.ua person ID,P5312
LinkedIn personal profile ID,P6634
ATP player ID,P536
doubles record,P555
singles record,P564
ITF player ID,P599
playing hand,P741
Munzinger Sport number,P1285
prize money,P2121
Davis Cup player ID,P2641
Tennis Hall of Fame player ID,P3363
Prabook ID,P3368
Encyclopaedia Beliana ID,P8669
Tennis Temple player ID,P4544
Atomic Heritage Foundation ID,P4590
Physics History Network ID,P6551
RITVA Person ID,P3706
Uppslagsverket Finland ID,P4854
Biografiskt Lexikon för Finland ID,P3595
Kansallisbiografia ID,P2180
College Football HoF ID,P3044
Pro Football Hall of Fame ID (old),P3581
Oklahoma Sports Hall of Fame ID,P4376
Pro Football Hall of Fame ID,P6930
The Encyclopedia of Oklahoma History and Culture ID,P7723
MR Author ID,P4955
BDFutbol player ID,P3655
AnimeCons.com guest ID,P3790
Wrestlingdata person ID,P2764
Internet Wrestling Database ID,P2829
Los Angeles Review of Books author ID,P5705
WBIS ID,P8081
quotation or excerpt,P7081
LezWatch.TV actor ID,P7105
AboutTheArtists artist ID,P7580
phone number,P1329
Tennessee Encyclopedia ID,P6016
shooting handedness,P423
Elite Prospects player ID,P2481
Eurohockey.com player ID,P2601
HockeyDB.com player ID,P2602
databaseOlympics.com athlete ID,P3520
Étonnants voyageurs participant ID,P5377
Poetry In Voice poet ID,P5506
BoxRec boxer ID,P1967
International Boxing Hall of Fame boxer ID,P4474
The Top Tens ID,P7157
Goodreads character ID,P6327
NKAA ID,P8156
head coach,P286
LiveJournal ID,P3258
Rate Your Music artist ID,P5404
Lambiek Comiclopedia artist ID,P5035
Alabama Sports Hall of Fame athlete ID,P4362
Encyclopedia of Alabama ID,P6010
Legal Entity Identifier,P1278
The Oregon Encyclopedia ID,P7691
place of detention,P2632
Minnesota legislator ID,P3160
AustralianFootball.com ID,P3546
AFL Tables player ID,P3547
penalty,P1596
Tumblr username,P3943
The Atlantic author ID,P6791
BHL creator ID,P4081
LesBiographies.com ID,P4434
DBLP ID,P2456
Justia Patents inventor ID,P3874
Crunchbase person ID,P2087
Italian Chamber of Deputies dati ID,P1341
Italian Senate of the Republic ID,P2549
Chamber of Deputies of Italy storia ID,P3935
Openpolis ID,P1229
Historical Archives of the European Union ID,P6917
motorsportstats.com driver ID,P8140
Istrapedia ID,P8603
Driver Database driver ID,P3684
Motorsports Hall of Fame of America ID,P6682
Cycling Archives cyclist ID,P1409
CycleBase cyclist ID,P4508
Mémoire du cyclisme cyclist ID,P4516
NPB player ID,P4260
World Athletics athlete ID,P1146
Australian Athletics Historical Results athlete ID,P3915
Australian Women's Register ID,P4186
Australian Olympic Committee athlete ID,P3682
warheroes.ru ID,P2943
Encyclopedia of Modern Ukraine ID,P4613
Pinterest username,P3836
permanent duplicated item,P2959
danskfilmogtv person ID,P4112
Metro topic ID,P6922
YesAsia author ID,P7193
MovieGe person ID,P7653
Movie Walker person ID,P7745
Georgia Sports Hall of Fame ID,P4364
TDV İslam Ansiklopedisi ID,P7314
Swedish Open Cultural Heritage URI,P1260
National Collegiate Basketball Hall of Fame ID,P4560
SoundCloud ID,P3040
Proleksis enciklopedija ID,P8349
CQ Ranking male cyclist ID,P1541
ProCyclingStats cyclist ID,P1663
Cycling Database ID,P1664
Rock and Roll Hall of Fame ID,P3162
Danskefilm person ID,P3786
ESPNFC.com player ID,P3681
NZ On Screen person ID,P6548
Encyclopedia Virginia ID,P5981
ranking,P1352
sports discipline competed in,P2416
Google Knowledge Graph ID,P2671
total assists in career,P6545
penalty minutes in career,P6546
HHOF.com NHL player ID,P3567
Hockey-Reference.com player ID,P3598
total points in career,P6544
subreddit,P3984
Mormon Literature and Creative Arts Database artist ID,P5469
BD Gest' author ID,P5491
Bitraga author ID,P6173
Share-VDE author ID,P6329
Regensburg Classification,P1150
BookBrainz author ID,P2607
Broadway Photographs person ID,P7467
Ratingraph actor ID,P7602
Art Gallery of South Australia creator ID,P6804
NMM artist ID,P7332
CricketArchive player ID,P2698
ESPNcricinfo.com player ID,P2697
doctoral student,P185
NHL.com player ID,P3522
total shots in career,P6543
career plus-minus rating,P6547
NMVW id,P7831
noble title,P97
Fellow of the Royal Society ID,P2070
The Vogue List ID,P3404
Poetry Archive poet ID,P5392
RPO poet ID,P5478
Orlando author ID,P6745
OverDrive creator ID,P7638
Basketball-Reference.com NBA coach ID,P4718
eurobasket.com coach ID,P6865
WTA player ID,P597
Fed Cup player ID,P2642
Wimbledon player ID,P4503
databaseFootball.com ID,P3532
MYmovies director ID,P4781
Behind The Voice Actors person ID,P5007
Eldoblaje original actor ID,P4682
Cineuropa person ID,P6083
Crew United person ID,P6521
Eiga.com person ID,P7215
Canadian Encyclopedia article ID,P5395
TheTVDB person ID,P7920
BRAHMS artist ID,P5226
Playbill person ID,P6132
Sratim ID,P3145
LongTake person ID,P8305
Sinemalar person ID,P7553
Mtime people ID,P6464
LyricsTranslate ID,P7212
Den Store Danske ID,P8313
Noovie person ID,P8314
VGMdb artist ID,P3435
Gateway to Research person ID,P8446
country,P17
headquarters location,P159
chief executive officer,P169
stock exchange,P414
inception,P571
location of formation,P740
ISIN,P946
product or material produced,P1056
legal form,P1454
BoardGameGeek game publisher ID,P6160
OSM Name Suggestion Index identifier,P8253
Dewey Decimal Classification,P1036
doctoral thesis,P1026
Ontario MPP ID,P3054
French Academy of Sciences member ID,P6282
Erdős number,P2021
NLBPA ID,P4405
All-Athletics.com ID,P3765
Tilastopaja male athlete ID,P3884
History of Modern Biomedicine ID,P3885
Track and Field Statistics male athlete ID,P3925
Commonwealth Games Federation athlete ID,P4548
Munk's Roll ID,P2941
professorship,P803
FFF author ID,P5619
NSDAP membership number (1925–1945),P2298
creator,P170
Japan Golf Tour player ID,P3535
Official World Golf Ranking player ID,P3568
Mississippi Encyclopedia ID,P7688
Omni topic ID,P3479
Bollywood Hungama person alphabetic ID,P7923
The Independent topic ID,P7284
godparent,P1290
sexual orientation,P91
Bollywood Hungama person numeric ID,P3910
LUMIERE director ID,P4283
MYmovies name ID,P4785
IMSLP ID,P839
Magdeburger Biographisches Lexikon,P2277
Ben Yehuda author ID,P7507
military casualty classification,P1347
World Bridge Federation ID,P3172
Encyclopedia of Appalachia ID,P6013
Fach,P1731
United World Wrestling ID,P2727
Scottish Football Association player ID,P3049
Scottish Sports Hall of Fame athlete ID,P4318
Carl-Maria-von-Weber-Gesamtausgabe ID,P8589
from narrative universe,P1080
INDUCKS character ID,P4479
Basketball-Reference.com international player ID,P4790
LegaBasket.it player ID,P5476
Kunstindeks Danmark Artist ID,P1138
KulturNav-ID,P1248
Sandrart.net person ID,P1422
Nationalmuseum Sweden artist ID,P2538
ECARTICO person ID,P2915
Dictionary of Swedish National Biography ID,P3217
Philadelphia Museum of Art entity ID,P8317
Athenaeum person ID,P4145
Rotterdam City Archives actor ID,P7425
country of origin,P495
Giphy username,P4013
YouTube playlist ID,P4300
Who's on First ID,P6766
BoF person ID,P3814
FBref.com player ID,P5750
England Football Online player profile,P6331
Englandstats.com Soccer ID,P7608
HelveticArchives ID,P1255
MuseScore artist ID,P8334
Bait La Zemer Ha-Ivri artist ID,P3997
Official Charts artist ID,P6559
AZLyrics.com artist ID,P7194
RGALI ID,P6752
PGA Tour golf player ID,P2811
website account on,P553
Elo rating,P1087
FIDE player ID,P1440
ChessGames.com player ID,P1665
title of chess person,P2962
365chess player ID,P3314
chesstempo ID,P3315
OlimpBase Chess Olympiad player ID,P3940
MNBAQ artist ID,P8336
Smithsonian American Art Museum person/institution ID,P1795
France Musique person ID,P5654
Irish Rugby Football Union men's player ID,P3848
Pro14 player ID,P4429
ESPNscrum player ID,P858
EPCR player ID,P3666
It's Rugby player ID,P3769
Dictionary of Art Historians ID,P2332
RePEc Short-ID,P2428
Library of Congress JukeBox ID,P2089
significant person,P3342
Enciclopèdia de l'Esport Català ID,P5513
performer,P175
derivative work,P4969
Maine: An Encyclopedia ID,P7697
BDFA player ID,P6188
ExecutedToday ID,P4361
L'île author ID,P5532
MNopedia ID,P6283
K-Scholar ID,P8223
IAFD female performer ID,P3869
exonerated of,P7781
National Registry of Exonerations Case ID,P8479
World Series of Poker ID,P3554
The Hendon Mob ID,P6146
Stack Exchange tag,P1482
Bloomberg person ID,P3052
Internet Game Database person ID,P5796
autores.uy ID,P2558
Medium username,P3899
Académie des sciences d'outre-mer member ID,P5374
Dictionary of Ulster Biography ID,P2029
AINM ID,P4929
Entomologists of the World ID,P5370
InPhO ID,P863
MacTutor biography ID,P1563
Shakeosphere person ID,P2886
PhilPapers topic,P3235
Stanford Encyclopedia of Philosophy ID,P3123
Itaú Cultural ID,P4399
Science Fiction Awards Database author ID,P8504
CWGC person ID,P1908
located in the administrative territorial entity,P131
coordinate location,P625
last words,P3909
PolSys ID,P1980
Storting person ID,P3072
supported sports team,P6758
ACM Digital Library author ID,P864
vehicle normally used,P3438
CPDOC ID,P4660
Brazilian federal deputy ID,P7480
Poetry International Web poet ID,P5430
Swedish Royal Theater Archive,P7574
Bookogs credit ID,P8230
start time,P580
has pet,P1429
Tebeosfera character ID,P5569
media franchise,P8345
SecondHandSongs artist ID,P2909
Snapchat username,P2984
IPI base code,P3453
TikTok username,P7085
director,P57
screenwriter,P58
composer,P86
EDb film ID,P3141
elFilm film ID,P3143
Ciné-Ressources film ID,P3203
producer,P162
LdiF ID,P3107
cine.gr film ID,P3129
elCinema film ID,P3135
OFDb ID,P3138
AFI Catalog of Feature Films ID,P3593
TV Guide show ID,P3804
The Numbers movie ID,P3808
based on,P144
cast member,P161
production company,P272
FilmAffinity ID,P480
Deutsche Synchronkartei film ID,P3844
Filmweb.pl ID,P3995
Cinémathèque québécoise work identifier,P4276
publication date,P577
ISAN,P3212
Moviepilot.de film ID,P5786
Medierådet rating,P5970
Letterboxd film ID,P6127
Academy Awards Database film ID,P6145
Google Play Movies & TV ID,P6562
Scripts.com script ID,P6584
Filmfront film ID,P7975
LUMIERE film ID,P4282
Douban film ID,P4529
Bechdel Test Movie List ID,P4632
Open Media Database film ID,P3302
ICAA rating,P3306
director of photography,P344
CineMagia film ID,P4665
TMDb movie ID,P4947
Il mondo dei doppiatori ID,P5099
color,P462
original language of film or TV show,P364
Movie Review Query Engine ID,P8033
film editor,P1040
BBC programme ID,P827
narrative location,P840
Box Office Mojo film ID,P1237
distributed by,P750
has quality,P1552
title,P1476
DNF film ID,P1804
MovieMeter film ID,P1970
FSK film rating,P1981
AllMovie movie ID,P1562
PORT film ID,P905
Netflix ID,P1874
after a work by,P1877
box office,P2142
Swedish Film Database film ID,P2334
Elonet movie ID,P2346
AlloCiné film ID,P1265
duration,P2047
Allcinema film ID,P2465
KINENOTE film ID,P2508
Movie Walker film ID,P2509
filming location,P915
ČSFD film ID,P2529
Kinopoisk film ID,P2603
TCM Movie Database film ID,P2631
costume designer,P2515
Scope.dk film ID,P2518
executive producer,P1431
EIRIN film rating,P2756
Cineplex film ID,P3077
aspect ratio,P2061
cost,P2130
BFI National Archive work ID,P2703
EIDR identifier,P2704
Filmiroda rating,P2747
Basketball-Reference.com NBA G League player ID,P4744
Pro-Football-Reference.com coach ID,P6836
PragerU presenter ID,P8197
World Poker Tour player ID,P6147
Global Poker Index ID,P3564
Arlington Cemetery person ID,P8213
FMD model ID,P2266
Model Manual ID,P3379
BBC News topic ID,P6200
Amazon Music artist ID,P6276
bgm.tv person identifier,P6298
Gaana.com artist ID,P6914
IMVDb artist ID,P6960
Napster artist ID,P6972
Empik author ID,P7154
LiveXLive artist ID,P7188
Bandsintown artist ID,P7195
Yandex Music artist ID,P1553
247Sports ID,P7397
GameFAQs credit ID,P7661
Beatport artist ID,P6894
DraftExpress ID,P3533
United States Olympic & Paralympic Committee athlete ID,P4063
The Times of India topic ID,P4204
Bugs! artist ID,P5145
Melon artist ID,P4473
Tidal artist ID,P4576
setlist.fm artist ID,P5431
Daum Encyclopedia ID,P5184
Filmow ID,P5233
Olympic Channel athlete ID,P5815
Shazam artist ID,P5917
Line Music artist ID,P4747
Theaterlexikon der Schweiz ID,P1362
FilmPolski.pl ID,P3495
Dictionary of Canadian Biography ID,P2753
Australian Poetry Library poet ID,P5465
Grace's Guide ID,P3074
co-driver,P2095
eWRC-results.com racer ID,P3927
Rallye-info.com driver or co-driver ID,P3930
Juwra.com ID,P3949
New York Times contributor ID,P8297
length,P2043
topic's main Wikimedia portal,P1151
Know Your Meme ID,P6760
victory,P2522
Chinese Olympic Committee athlete ID,P4068
Norsk biografisk leksikon ID,P5080
JudoInside judoka ID,P2767
HAL author ID,P4450
DAAO ID,P1707
BWF.tournamentsoftware.com player ID,P2729
BWFbadminton.com player ID,P3620
language of work or name,P407
original broadcaster,P449
end time,P582
number of episodes,P1113
Television Academy Foundation show ID,P5829
number of seasons,P2437
TMDb TV series ID,P4983
World Curling Federation ID,P3557
Sports-Reference.com college basketball coach ID,P4751
All Blacks player ID,P3645
Panthéon des sports du Québec ID,P4416
Quora username,P4411
WBPLN author ID,P4343
second family name in Spanish name,P1950
World Sailing member ID,P2804
OpenStreetMap relation ID,P402
category for people born here,P1464
GeoNames ID,P1566
category of associated people,P1792
capital of,P1376
elevation above sea level,P2044
area,P2046
Kansas Sports Hall of Fame ID,P4366
Squash Info player ID,P3286
PSA World Tour player ID,P3476
NAQ elected person ID,P3055
Companies House officer ID,P5297
family name identical to this given name,P1533
given name version for other gender,P1560
writing system,P282
native label,P1705
Dictionary of Medieval Names from European Sources entry,P1888
Soundex,P3878
Cologne phonetics,P3879
Caverphone,P3880
Nominis given name ID,P4284
attested in,P5323
Loop ID,P2798
contributed to creative work,P3919
Soccerdonna player ID,P4381
Women's Collegiate Tennis Hall of Fame ID,P4402
DLCM ID,P5303
permanent resident of,P5389
patronym or matronym for this name,P2976
Declarator.org ID,P1883
LIGA profile,P6210
North Carolina Sports Hall of Fame ID,P4375
Cairn author ID,P4369
date of burial or cremation,P4602
Elysee.fr president ID,P5440
Conseil constitutionnel ID,P5457
Courrier international topic ID,P5551
Le Monde ID,P5558
Vie publique person ID,P7676
Le Figaro tag ID,P6621
OpenEdition Books author ID,P6677
Sycomore ID,P1045
Whitney Museum of American Art artist ID,P6714
CLARA-ID,P1615
RPPS ID,P8170
Tennessee Sports Hall of Fame athlete ID,P4383
Artsdata.ca ID,P7627
Hrvatski biografski leksikon ID,P8581
Fotografen.nl ID,P3269
Europeana Fashion creator ID,P3482
Enciclopedia de la Literatura en México ID,P1565
TuttoCalciatori.net player ID,P7036
iHeartRadio artist ID,P7317
Fototeka person ID,P8511
International Mathematical Olympiad participant ID,P5819
PhilPeople profile,P3233
Academia.edu profile URL,P5715
bowling style,P2545
National Track & Field Hall of Fame athlete ID,P3881
abgeordnetenwatch.de politician ID,P5355
French National Assembly ID,P4123
NosDéputés.fr identifiant,P7040
Jaxsta profile ID,P7052
MNCARS artist ID,P4439
partner in business or sport,P1327
MyAnimeList people ID,P4084
Österreichisches Musiklexikon Online ID,P8432
ASMP member ID,P5362
Australian Dictionary of Biography ID,P1907
founded by,P112
NFL.com ID,P3539
ESPN.com NFL player ID,P3686
Sport Australia Hall of Fame inductee ID,P4415
Australian National Maritime Museum person ID,P7769
Information Center for Israeli Art artist ID,P1736
PSS-archi architect ID,P2194
Pacific Coast Architecture Database person ID,P5745
National Gallery of Art artist ID,P2252
Tor.com author ID,P5714
WNBA player ID,P3588
Basketball-Reference.com WNBA player ID,P4561
International Swimming Hall of Fame ID,P3691
LONSEA ID,P5306
All-Russian Mathematical Portal ID,P4252
History of Parliament ID,P1614
CircleID writer ID,P3455
Wikimedia username,P4174
named after,P138
Ultimate Guitar artist ID,P5927
Douban musician ID,P6446
KKBox artist ID,P5154
NRJ artist ID,P5292
Album of the Year artist ID,P7050
Qobuz artist ID,P7071
Offizielle Deutsche Charts artist ID,P6893
Dutch Charts artist ID,P6911
VG-lista artist ID,P6943
MTV Germany artist ID,P7641
Vox FM artist ID,P7218
Naver Music artist ID,P7275
Wynk artist ID,P7151
Interia Muzyka artist ID,P7156
Supraphonline artist ID,P7191
GreatSong artist ID,P7210
DR music artist ID,P8041
Flickr user ID,P3267
director / manager,P1037
FIS alpine skier ID,P2772
Ski-DB skier ID,P3619
U.S. Ski and Snowboard Hall of Fame athlete ID,P4422
Louisiana Sports Hall of Fame ID,P4367
World Rugby Hall of Fame ID,P4604
Vienna History Wiki ID,P7842
hashtag,P2572
LPGA Tour golf player ID,P2810
Rock's Backpages author ID,P6462
Twitter user numeric ID,P6552
ICP artist ID,P8577
ICCF player ID,P3316
Pornhub ID,P5246
ODIS ID,P2372
Archives of Maryland Biographical Series ID,P6371
parent organization,P749
The Conversation author ID,P8207
Whonamedit? doctor ID,P5415
Elite Prospects staff ID,P4319
The Cardinals of the Holy Roman Church ID,P7619
Museum of Modern Art work ID,P2014
diocese,P708
Quais du polar writer ID,P5666
British Council writer ID,P5364
Debrett's People of Today ID,P2255
record held,P1000
Swimrankings.net swimmer ID,P2640
Encyclopedia of Surfing ID,P3338
Nova Scotia Sport Hall of Fame ID,P4406
Architectuurgids architect ID,P3058
SFMOMA artist ID,P4936
Japan Search name ID,P6698
Opera Vivra singer ID,P4407
Peakbagger climber ID,P7278
industry,P452
Sports-Reference.com college football player ID,P3697
Basketball-Reference.com WNBA coach ID,P4720
Biblioteca Nacional de México ID,P4440
BIBSYS work ID,P6211
Hawai‘i Sports Hall of Fame ID,P4365
inspired by,P941
Deutsche Ultramarathon-Vereinigung ID,P2162
FMD designer ID,P2412
U.S. Gymnastics Hall of Fame athlete ID,P4583
USA Gymnastics Hall of Fame athlete ID,P4668
FIG gymnast licence number,P2696
Museen Dresden article ID,P8653
Alaska Sports Hall of Fame athlete ID,P4522
hitparade.ch artist ID,P6918
SongMeanings artist ID,P7200
Charts in France artist ID,P6909
CinemaRx person ID,P7483
Plus Music artist ID,P7159
Pandora artist ID,P7277
kino-teatr.ru person ID,P7808
Laut.de artist ID,P5356
Canada's Sports Hall of Fame athlete ID,P4398
Canadian Olympic Committee athlete ID,P4054
Liber Liber author ID,P7208
Catholic Encyclopedia ID,P3241
Spanish Biographical Dictionary ID,P4459
National Gallery of Canada artist ID,P5368
National Film Board of Canada director identifier,P6891
Artists in Canada record number,P5239
NHK Archives Portal person ID,P8580
Canadian Women Artists History Initiative ID,P8631
Finnish National Gallery artist ID,P4177
Pinakothek artist ID,P4025
MNAV artist ID,P6156
PictoRight ID code,P3361
Virginia Sports Hall of Fame ID,P4386
World Rowing ID,P2091
National Inventors Hall of Fame ID,P3468
SoundHound artist ID,P7201
MetroLyrics ID,P2624
NSZL (VIAF) ID,P951
NSZL name authority ID,P3133
canonization status,P411
Nominis saint ID,P4286
GCatholic person ID,P8366
Women's Sports Foundation ID,P4377
maintained by WikiProject,P6104
compArt person ID,P4772
Sandbox-External identifier,P2536
URL,P2699
European Tour golf player ID,P3521
Sverigetopplistan artist ID,P6983
Gamepedia article ID,P6623
MGG Online ID,P6091
Bibliothèque de la Pléiade ID,P5613
stepparent,P3448
Relationship Science person ID,P5264
NARCIS researcher ID,P7449
Catalogus Professorum Academiae Groninganae id,P2016
Savoirs ENS ID,P5664
International Paralympic Committee athlete alphabetical ID,P7550
McCune-Reischauer romanization,P1942
Revised Romanization,P2001
Encyclopaedia Metallum band ID,P1952
Encyclopaedia Metallum artist ID,P1989
name,P2561
Swedish Literature Bank AuthorID,P5101
Classiques des sciences sociales ID,P5390
Médias 19 ID,P7918
Swedish Portrait Archive ID,P4819
Swedish Gravestone ID,P5259
Mississippi Sports Hall of Fame ID,P4368
Member of the Hellenic Parliament ID,P2278
Québec cultural heritage directory people identifier,P2592
MotoGP racer ID,P3928
SUDOC editions,P1025
e-teatr.pl person ID,P5058
character role,P453
Treccani's Dizionario biografico degli italiani ID,P1986
LombardiaBeniCulturali artwork author ID,P8210
ACB.com player ID,P3525
Surman ID,P3392
Evene ID,P5617
INSPIRE-HEP author ID,P2930
Publons author ID,P3829
Operissimo artist ID,P5366
Fussballdaten.de player ID,P3538
Football Federation of Ukraine player ID,P3662
Post-Reformation Digital Library author ID,P1463
National Cartoonists Society member ID,P5622
date of baptism in early childhood,P1636
Web Gallery of Art ID,P1882
Auckland Art Gallery artist ID,P3372
Mendeley person ID,P3835
Legacies of British Slave-ownership person ID,P3023
Library of Congress of Chile person ID,P5442
National Academy of Medicine (France) Member ID,P3956
Collège de France professor ID,P5443
BDEL ID,P6231
author,P50
main subject,P921
published in,P1433
Roud Folk Song Index number,P1829
copyright status,P6216
IAFD male performer ID,P4505
Track and Field Statistics female athlete ID,P3924
Poetry Society of America poet ID,P5503
enemy of,P7047
GCD series ID,P3589
replaces,P1365
owned by,P127
Social Security number,P8002
Sunshine Tour golf player ID,P3582
Just Sports Stats ID,P3566
University of Amsterdam Album Academicum ID,P6815
official residence,P263
dan/kyu rank,P468
special rank,P5012
patronym or matronym for this person,P5056
PPN ID,P6721
Politika topic,P6328
IEEE Xplore author ID,P6479
has part,P527
Centre Pompidou ID,P6323
askArt person ID,P7545
Städel Museum artist ID,P4581
Thyssen-Bornemisza artist ID,P2431
Sherdog ID,P2818
Barbarian F.C. ID,P4493
New Zealand Sports Hall of Fame ID,P4418
Operone composer ID,P5359
Dictionary of Wisconsin History ID,P7614
parliamentary term,P2937
ITU triathlete ID,P3604
IGHOF athlete ID,P4469
Gymn Forum athlete ID,P4546
FIG gymnast (no licence) identifier,P7440
USA Track & Field athlete ID,P3926
CueTracker player ID,P3830
Snooker.org player ID,P4502
Snooker Database player ID,P4538
century breaks,P4912
highest break,P6590
MoEML ID,P6060
birthday,P3150
date of disappearance,P746
mora artist ID,P7189
National Portrait Gallery (United States) object ID,P6152
FOIH person ID,P4206
COAM architect ID,P4488
FootballFacts.ru player ID,P3660
e-archiv.li ID,P860
PARES ID,P4813
IMFDB ID,P6992
Ricochet author ID,P5413
Douban author ID,P6441
Women of Scotland subject ID,P8050
Penguin India author ID,P7031
SANU member ID,P3475
ARMB member ID,P5329
Historia de la Medicina person ID,P5468
Nomisma ID,P2950
Riksdagen person-ID,P1214
Riksdagen person guid,P8388
DOLF ID,P5605
nLab ID,P4215
Poets & Writers author ID,P5394
Rivals.com ID,P7339
base salary,P3618
Turkish Basketball Super League ID,P5721
streaming media URL,P963
Biographical Dictionary of Georgia ID,P4991
Gramophone composer ID,P8386
Opera Online composer ID,P8551
KDG Komponisten der Gegenwart,P1287
archival creator authority record at the Archives nationales,P3599
National Library Board Singapore ID,P3988
Anime News Network person ID,P1982
VK username,P3185
Telegram username,P3789
Odnoklassniki ID,P5163
first appearance,P4584
Behind The Voice Actors character ID,P5107
Fandom wiki ID,P4073
Encyclopaedia Herder author ID,P5441
Rupa Publications author ID,P6984
The-Sports.org athlete ID,P4391
DoME artist ID,P7944
Internet Encyclopedia of Philosophy ID,P5088
Spenserians person ID,P2973
Biblioteche dei filosofi ID,P7613
social classification,P3716
FEI person ID,P3111
Playmates Playmate ID,P5346
for work,P1686
Norwegian Nationaltheatret actor ID,P5964
Critique d'art ID,P6325
Basis Wien person ID,P7445
CQ Ranking female cyclist ID,P2709
ESPN.com NHL player ID,P3687
Swedish Olympic Committee athlete ID,P2323
Worlds Without End author ID,P8287
La Vie des idées ID,P5550
Cinema of Israel ID,P3445
Library of Congress Classification,P1149
Austrian Biographical Encylopedia ID,P6194
has edition or translation,P747
Musopen composer ID,P2338
National Book Foundation author ID,P6579
Objectif Gard topic ID,P6277
Women Film Pioneers ID,P7498
Santiebeati ID,P6126
feast day,P841
Documenta Catholica Omnia author ID,P7038
Ökumenisches Heiligenlexikon ID,P8080
religious name,P1635
Taekwondo Data ID,P2987
Swedish Football Association player ID,P1238
ISU figure skater ID,P2694
Lithuanian National Olympic Committee athlete ID,P4061
2006 Commonwealth Games athlete ID,P5716
2014 Commonwealth Games athlete ID,P6953
British Olympic Association athlete ID,P4490
Diamond League athlete ID,P3923
Reprezentacija player ID,P3908
Medicina author ID,P5376
CALIS ID,P270
Dodis ID,P701
United States Armed Forces service number,P2028
Familypedia person ID,P4193
Twitch channel ID,P5797
AnimeClick person ID,P5848
Le Parisien tag ID,P6622
L'Express person ID,P6620
USA Water Polo Hall of Fame ID,P8664
place of origin (Switzerland),P1321
Swiss parliament ID,P1307
biography at the Bundestag of Germany URL,P1713
ComicBookDB ID,P1392
Trakt.tv ID,P8013
Awards & Winners artist ID,P7184
Dagens Næringsliv topic ID,P4167
Periscope ID,P6654
National Library of Luxembourg ID,P7028
Accademia delle Scienze di Torino ID,P8153
Kritisches Lexikon der Gegenwartsliteratur ID,P1288
Jewish Virtual Library person ID,P8568
München Wiki article ID,P7140
film-documentaire.fr author ID,P6603
Colorado Sports Hall of Fame ID,P4642
PlaymakerStats.com referee ID,P6315
EU-Football.info referee ID,P7435
WorldReferee.com referee ID,P7436
Transfermarkt referee ID,P3699
WorldFootball.net referee ID,P6314
Printemps des poètes poet ID,P5344
Scottish Poetry Library poet ID,P5470
Institut culturel de Bretagne ID,P5561
Académie française award winner ID,P5645
IMEC ID,P5712
Baloncesto Superior Nacional ID,P5725
At the Circulating Library ID,P1564
ITF player ID 2020,P8618
Scoresway tennis person ID,P6308
AustLit ID,P8295
catalog,P972
iHeartRadio podcast ID,P7324
JewAge person ID,P4116
Techopedia ID,P6009
Kicker.de player ID (former scheme),P6615
web feed URL,P1019
TASS reference,P6219
quantity,P1114
PhDTree person ID,P3708
Encyclopedia of Brno Person ID,P8116
The Black Book ID,P4248
Dreadnought Project page,P4589
Lives of WWI ID,P4601
Compagnon de la Libération ID,P4804
BioLexSOE ID,P7928
Académie française member ID,P4717
Canal Académie ID,P5631
TWAS Fellow ID,P6174
Unicode character,P487
page banner,P948
OmegaWiki Defined Meaning,P1245
Getty Iconography Authority ID,P5986
total revenue,P2139
Vermont Sports Hall of Fame athlete ID,P4523
seal image,P158
Présence Compositrices composer ID,P8523
Yahoo! Japan Talent Database ID,P3284
Nederlands Fotomuseum photographer ID,P7837
Curran Index contributor ID,P8085
item operated,P121
Auckland Museum ID,P7298
subclass of,P279
conferred by,P1027
next lower rank,P3729
award rationale,P6208
service ribbon image,P2425
has parts of the class,P2670
next higher rank,P3730
number of injured,P1339
number of victims of killer,P1345
Harper's author ID,P6784
CWA writer ID,P5747
World Snooker athlete ID,P4498
Cinenacional.com person ID,P3857
Bandcamp ID,P3283
place name sign,P1766
DSMHOF athlete ID,P4363
MLL player ID,P3948
facet of,P1269
female form of label,P2521
SwimSwam ID,P4315
autores.ar ID,P4158
Ontario Sports Hall of Fame athlete ID,P4412
destination point,P1444
start point,P1427
LittleSis organization ID,P3393
South Carolina Encyclopedia ID,P7690
Archaeology Data Service person ID,P6734
CRIStin ID,P2287
World Archery Federation ID,P3010
monogram,P1543
mount,P3091
flag image,P41
anthem,P85
flag,P163
Twitter topics ID,P8672
Beach Volleyball Database ID,P2800
SinemaTürk person ID,P6255
PRELIB person ID,P5641
EDIT16 catalogue author ID,P5492
Dictionnaire de spiritualité ID,P6302
DLL Catalog author ID,P8122
Adult Film Database actor ID,P3351
West Australian Football League player ID,P4571
Hall of Valor ID,P1869
Iditarod musher ID,P3760
Heidelberg Academy for Sciences and Humanities member ID,P2273
KVAB member ID,P3887
Oberwolfach mathematician ID,P8418
Base de datos de premiados person ID,P5498
commemorates,P547
Luding designer ID,P3506
country of registry,P8047
ACM Classification Code (2012),P2179
Boijmans artist ID,P3888
Dansk kvindebiografisk leksikon ID,P7939
Al-Jazeera topic ID,P7301
KBO pitcher ID,P4371
Leidse Hoogleraren ID,P2861
Maitron ID,P4724
Ovrtur biography ID,P7503
fax number,P2900
Armenian National Academy of Sciences ID,P5212
Cullum number,P4026
Lotsawa House Tibetan author ID,P4348
architect,P84
operator,P137
architectural style,P149
MusicBrainz place ID,P1004
street address,P6375
maximum capacity,P1083
Indiana Basketball Hall of Fame ID,P4557
WorldSBK.com racer identifier,P4076
sponsor,P859
footedness,P8006
SPoT skater ID,P8634
test taken,P5021
Semion author ID,P7671
postal code,P281
local dialing code,P473
OS grid reference,P613
GSS code (2011),P836
TOID,P3120
Vision of Britain place ID,P3616
historic county,P7959
Fogis.se player ID,P5038
AFL player ID,P8277
PremiershipRugby.com ID,P861
World Encyclopedia of Puppetry Arts ID,P7012
CPDL ID,P2000
continent,P30
SCAR Composite Gazetteer place ID,P3230
GNIS Antarctica ID,P804
Online Cenotaph ID,P7474
National Library of New Zealand ID,P7682
Read NZ Te Pou Muramura writer ID,P5640
Japan Professional Basketball League ID,P5960
Tennis Australia player ID,P3698
Armenian Parliamentary ID,P5213
CEV player ID,P3725
Lega Pallavolo Serie A player ID,P4303
patient of,P3205
political alignment,P1387
RealGM basketball coach ID,P7954
CurlingZone ID,P3556
Moviepilot.de series ID,P5925
TheTVDB.com ID,P4835
fernsehserien.de ID,P5327
Epguides ID,P3121
academic major,P812
90minut player ID,P3605
Danish Football Union player ID,P6109
YouPorn ID,P5267
Irish playography person ID,P7934
Aosdána ID,P5614
SPLC Individual ID,P8534
WordLift URL,P6363
superhuman feature or ability,P2563
Tilastopaja female athlete ID,P3882
ruchess ID,P4994
Nihon Tarento Meikan ID,P3477
Ameblo username,P3502
V.League ID (obsolete),P5959
Manitoba Sports Hall of Fame athlete ID,P4413
LB.ua dossier ID,P6980
Mediapart tag ID,P6813
China Vitae ID,P1631
Chinese Political Elites Database ID,P5142
Academia.edu topic ID,P5801
Shanghai Library person ID,P6702
courtesy name,P1782
LACMA ID,P4611
external data available at,P1325
Persons of Indian Studies ID,P5632
Auñamendi ID,P3218
Lega Serie A soccer player ID,P5339
FIVB beach volleyball player ID,P2801
USHMM Holocaust Encyclopedia ID,P3724
IAT weightlifter ID,P2779
Poincaré Papers person ID,P7142
Gedbas genealogy person ID,P4108
Wikimedia outline,P5125
Arnet Miner author ID,P5776
Swiss National Sound Archives ID,P6770
Biographie nationale de Belgique ID,P6234
Brilliant Wiki ID,P6564
KNAW past member ID,P2454
Great Aragonese Encyclopedia ID,P1807
Singapore Infopedia ID,P8350
officeholder,P1308
incarnation of,P3701
Orthodox Encyclopedia ID,P5002
Nasjonalbiblioteket photographer ID,P1847
Lokalhistoriewiki.no ID,P6520
Basketball-Reference.com NBL player ID,P4796
Righteous Among The Nations ID,P1979
Red Bull athlete ID,P3883
Early Aviators people ID,P4008
Geheugen van de VU person ID,P5908
IntraText author ID,P6873
Image Archive, Herder Institute,P6482
Henrik Ibsen writings ID,P8518
Accademia della Crusca ID,P4585
charge,P1595
Re-Member ID,P8633
SS KL Auschwitz Garrison ID,P4572
sports.ru athlete ID,P4408
CNL author ID,P5637
HKMDB film ID,P2883
Marvel Comics creators ID,P7950
OrthodoxWiki ID (English),P7819
Biographical Dictionary of Iowa ID,P6851
Todotango.com person ID,P4931
AniDB person ID,P5649
significant place,P7153
Liszt Academy Lexikon person ID,P8281
Mutopia composer ID,P3674
Bibliotheca Augustana author ID,P8160
Swedish Musical Heritage composer ID,P4607
Léonore ID,P640
SIUSA archive producer person ID,P6715
Italian Senate ID,P3954
Český hudební slovník osob a institucí ID,P8482
Galiciana author ID,P3307
Philadelphia Museum of Art work ID,P4643
French Academy in Rome resident ID,P5466
British Museum bioID,P6077
Personendatenbank Germania Sacra ID,P8440
Joconde author ID,P7711
WeChangEd ID,P7947
BVPH authority ID,P6492
Great Encyclopedia of Navarre ID,P7388
Merkelstiftung person ID,P4620
Sächsische Biografie ID,P1710
Images d'Art artwork ID,P4761
CESAR person ID,P2340
BIA PSY person ID,P5450
RegiowikiAT ID,P6228
Edvard Munch's correspondance person ID,P7466
Norwegian historical register of persons ID,P4574
maintained by,P126
heritage designation,P1435
Site of Special Scientific Interest (England) ID,P2621
parent peak,P3137
HanCinema person ID,P3045
Cyworld ID,P4226
BDCYL authority ID,P3964
RKD thesaurus ID,P8519
twinned administrative body,P190
locator map image,P242
ISO 3166-2 code,P300
licence plate code,P395
located in time zone,P421
MusicBrainz area ID,P982
category for people who died here,P1465
archINFORM location ID,P5573
Gynopedia ID,P5843
UN/LOCODE,P1937
Encyclopedia of Cleveland History ID,P7644
WAFL FootyFacts ID,P4615
